<annotation>
	<folder>hello</folder>
	<filename>hello.cb187bc6-6779-11ef-9b45-cddf5db96301.jpg</filename>
	<path>C:\Users\sahar\ISLtranslationapp\tensorflow\workspace\images\collectedimages\hello\hello.cb187bc6-6779-11ef-9b45-cddf5db96301.jpg</path>
	<source>
		<database>Unknown</database>
	</source>
	<size>
		<width>640</width>
		<height>480</height>
		<depth>3</depth>
	</size>
	<segmented>0</segmented>
	<object>
		<name>Hello</name>
		<pose>Unspecified</pose>
		<truncated>0</truncated>
		<difficult>0</difficult>
		<bndbox>
			<xmin>161</xmin>
			<ymin>195</ymin>
			<xmax>324</xmax>
			<ymax>437</ymax>
		</bndbox>
	</object>
</annotation>
