<annotation>
	<folder>hello</folder>
	<filename>hello.bf060cfc-6779-11ef-a539-cddf5db96301.jpg</filename>
	<path>C:\Users\sahar\ISLtranslationapp\tensorflow\workspace\images\collectedimages\hello\hello.bf060cfc-6779-11ef-a539-cddf5db96301.jpg</path>
	<source>
		<database>Unknown</database>
	</source>
	<size>
		<width>640</width>
		<height>480</height>
		<depth>3</depth>
	</size>
	<segmented>0</segmented>
	<object>
		<name>Hello</name>
		<pose>Unspecified</pose>
		<truncated>1</truncated>
		<difficult>0</difficult>
		<bndbox>
			<xmin>78</xmin>
			<ymin>255</ymin>
			<xmax>269</xmax>
			<ymax>480</ymax>
		</bndbox>
	</object>
</annotation>
