<annotation>
	<folder>hello</folder>
	<filename>hello.c77a6c34-6779-11ef-98d0-cddf5db96301.jpg</filename>
	<path>C:\Users\sahar\ISLtranslationapp\tensorflow\workspace\images\collectedimages\hello\hello.c77a6c34-6779-11ef-98d0-cddf5db96301.jpg</path>
	<source>
		<database>Unknown</database>
	</source>
	<size>
		<width>640</width>
		<height>480</height>
		<depth>3</depth>
	</size>
	<segmented>0</segmented>
	<object>
		<name>Hello</name>
		<pose>Unspecified</pose>
		<truncated>0</truncated>
		<difficult>0</difficult>
		<bndbox>
			<xmin>208</xmin>
			<ymin>264</ymin>
			<xmax>326</xmax>
			<ymax>402</ymax>
		</bndbox>
	</object>
</annotation>
