<annotation>
	<folder>hello</folder>
	<filename>hello.c645f6bf-6779-11ef-90e3-cddf5db96301.jpg</filename>
	<path>C:\Users\sahar\ISLtranslationapp\tensorflow\workspace\images\collectedimages\hello\hello.c645f6bf-6779-11ef-90e3-cddf5db96301.jpg</path>
	<source>
		<database>Unknown</database>
	</source>
	<size>
		<width>640</width>
		<height>480</height>
		<depth>3</depth>
	</size>
	<segmented>0</segmented>
	<object>
		<name>Hello</name>
		<pose>Unspecified</pose>
		<truncated>0</truncated>
		<difficult>0</difficult>
		<bndbox>
			<xmin>85</xmin>
			<ymin>207</ymin>
			<xmax>242</xmax>
			<ymax>456</ymax>
		</bndbox>
	</object>
</annotation>
