<annotation>
	<folder>collectedimages</folder>
	<filename>iloveyou.24439c4b-677a-11ef-9353-cddf5db96301.jpg</filename>
	<path>C:\Users\sahar\ISLtranslationapp\tensorflow\workspace\images\collectedimages\iloveyou.24439c4b-677a-11ef-9353-cddf5db96301.jpg</path>
	<source>
		<database>Unknown</database>
	</source>
	<size>
		<width>640</width>
		<height>480</height>
		<depth>3</depth>
	</size>
	<segmented>0</segmented>
	<object>
		<name>ILoveYou</name>
		<pose>Unspecified</pose>
		<truncated>0</truncated>
		<difficult>0</difficult>
		<bndbox>
			<xmin>226</xmin>
			<ymin>264</ymin>
			<xmax>431</xmax>
			<ymax>479</ymax>
		</bndbox>
	</object>
</annotation>
