<annotation>
	<folder>collectedimages</folder>
	<filename>iloveyou.19728a0a-677a-11ef-b091-cddf5db96301.jpg</filename>
	<path>C:\Users\sahar\ISLtranslationapp\tensorflow\workspace\images\collectedimages\iloveyou.19728a0a-677a-11ef-b091-cddf5db96301.jpg</path>
	<source>
		<database>Unknown</database>
	</source>
	<size>
		<width>640</width>
		<height>480</height>
		<depth>3</depth>
	</size>
	<segmented>0</segmented>
	<object>
		<name>ILoveYou</name>
		<pose>Unspecified</pose>
		<truncated>1</truncated>
		<difficult>0</difficult>
		<bndbox>
			<xmin>141</xmin>
			<ymin>261</ymin>
			<xmax>347</xmax>
			<ymax>480</ymax>
		</bndbox>
	</object>
</annotation>
