<annotation>
	<folder>collectedimages</folder>
	<filename>iloveyou.231047f8-677a-11ef-82ff-cddf5db96301.jpg</filename>
	<path>C:\Users\sahar\ISLtranslationapp\tensorflow\workspace\images\collectedimages\iloveyou.231047f8-677a-11ef-82ff-cddf5db96301.jpg</path>
	<source>
		<database>Unknown</database>
	</source>
	<size>
		<width>640</width>
		<height>480</height>
		<depth>3</depth>
	</size>
	<segmented>0</segmented>
	<object>
		<name>ILoveYou</name>
		<pose>Unspecified</pose>
		<truncated>0</truncated>
		<difficult>0</difficult>
		<bndbox>
			<xmin>201</xmin>
			<ymin>290</ymin>
			<xmax>336</xmax>
			<ymax>445</ymax>
		</bndbox>
	</object>
</annotation>
