<annotation>
	<folder>collectedimages</folder>
	<filename>iloveyou.26aaae5f-677a-11ef-be9c-cddf5db96301.jpg</filename>
	<path>C:\Users\sahar\ISLtranslationapp\tensorflow\workspace\images\collectedimages\iloveyou.26aaae5f-677a-11ef-be9c-cddf5db96301.jpg</path>
	<source>
		<database>Unknown</database>
	</source>
	<size>
		<width>640</width>
		<height>480</height>
		<depth>3</depth>
	</size>
	<segmented>0</segmented>
	<object>
		<name>ILoveYou</name>
		<pose>Unspecified</pose>
		<truncated>0</truncated>
		<difficult>0</difficult>
		<bndbox>
			<xmin>315</xmin>
			<ymin>214</ymin>
			<xmax>459</xmax>
			<ymax>399</ymax>
		</bndbox>
	</object>
</annotation>
