<annotation>
	<folder>collectedimages</folder>
	<filename>iloveyou.29126b9e-677a-11ef-94ca-cddf5db96301.jpg</filename>
	<path>C:\Users\sahar\ISLtranslationapp\tensorflow\workspace\images\collectedimages\iloveyou.29126b9e-677a-11ef-94ca-cddf5db96301.jpg</path>
	<source>
		<database>Unknown</database>
	</source>
	<size>
		<width>640</width>
		<height>480</height>
		<depth>3</depth>
	</size>
	<segmented>0</segmented>
	<object>
		<name>ILoveYou</name>
		<pose>Unspecified</pose>
		<truncated>0</truncated>
		<difficult>0</difficult>
		<bndbox>
			<xmin>320</xmin>
			<ymin>237</ymin>
			<xmax>422</xmax>
			<ymax>413</ymax>
		</bndbox>
	</object>
</annotation>
