<annotation>
	<folder>no</folder>
	<filename>no.067c8e64-677a-11ef-98bb-cddf5db96301.jpg</filename>
	<path>C:\Users\sahar\ISLtranslationapp\tensorflow\workspace\images\collectedimages\no\no.067c8e64-677a-11ef-98bb-cddf5db96301.jpg</path>
	<source>
		<database>Unknown</database>
	</source>
	<size>
		<width>640</width>
		<height>480</height>
		<depth>3</depth>
	</size>
	<segmented>0</segmented>
	<object>
		<name>No</name>
		<pose>Unspecified</pose>
		<truncated>1</truncated>
		<difficult>0</difficult>
		<bndbox>
			<xmin>58</xmin>
			<ymin>310</ymin>
			<xmax>221</xmax>
			<ymax>480</ymax>
		</bndbox>
	</object>
</annotation>
