<annotation>
	<folder>no</folder>
	<filename>no.0a16c442-677a-11ef-a74c-cddf5db96301.jpg</filename>
	<path>C:\Users\sahar\ISLtranslationapp\tensorflow\workspace\images\collectedimages\no\no.0a16c442-677a-11ef-a74c-cddf5db96301.jpg</path>
	<source>
		<database>Unknown</database>
	</source>
	<size>
		<width>640</width>
		<height>480</height>
		<depth>3</depth>
	</size>
	<segmented>0</segmented>
	<object>
		<name>No</name>
		<pose>Unspecified</pose>
		<truncated>0</truncated>
		<difficult>0</difficult>
		<bndbox>
			<xmin>120</xmin>
			<ymin>358</ymin>
			<xmax>304</xmax>
			<ymax>473</ymax>
		</bndbox>
	</object>
</annotation>
