<annotation>
	<folder>no</folder>
	<filename>no.04154679-677a-11ef-b655-cddf5db96301.jpg</filename>
	<path>C:\Users\sahar\ISLtranslationapp\tensorflow\workspace\images\collectedimages\no\no.04154679-677a-11ef-b655-cddf5db96301.jpg</path>
	<source>
		<database>Unknown</database>
	</source>
	<size>
		<width>640</width>
		<height>480</height>
		<depth>3</depth>
	</size>
	<segmented>0</segmented>
	<object>
		<name>No</name>
		<pose>Unspecified</pose>
		<truncated>0</truncated>
		<difficult>0</difficult>
		<bndbox>
			<xmin>155</xmin>
			<ymin>353</ymin>
			<xmax>231</xmax>
			<ymax>454</ymax>
		</bndbox>
	</object>
</annotation>
