<annotation>
	<folder>no</folder>
	<filename>no.0db18b65-677a-11ef-b67f-cddf5db96301.jpg</filename>
	<path>C:\Users\sahar\ISLtranslationapp\tensorflow\workspace\images\collectedimages\no\no.0db18b65-677a-11ef-b67f-cddf5db96301.jpg</path>
	<source>
		<database>Unknown</database>
	</source>
	<size>
		<width>640</width>
		<height>480</height>
		<depth>3</depth>
	</size>
	<segmented>0</segmented>
	<object>
		<name>No</name>
		<pose>Unspecified</pose>
		<truncated>0</truncated>
		<difficult>0</difficult>
		<bndbox>
			<xmin>152</xmin>
			<ymin>336</ymin>
			<xmax>264</xmax>
			<ymax>468</ymax>
		</bndbox>
	</object>
</annotation>
