<annotation>
	<folder>no</folder>
	<filename>no.127f7137-677a-11ef-b368-cddf5db96301.jpg</filename>
	<path>C:\Users\sahar\ISLtranslationapp\tensorflow\workspace\images\collectedimages\no\no.127f7137-677a-11ef-b368-cddf5db96301.jpg</path>
	<source>
		<database>Unknown</database>
	</source>
	<size>
		<width>640</width>
		<height>480</height>
		<depth>3</depth>
	</size>
	<segmented>0</segmented>
	<object>
		<name>No</name>
		<pose>Unspecified</pose>
		<truncated>0</truncated>
		<difficult>0</difficult>
		<bndbox>
			<xmin>128</xmin>
			<ymin>331</ymin>
			<xmax>240</xmax>
			<ymax>469</ymax>
		</bndbox>
	</object>
</annotation>
