<annotation>
	<folder>thanks</folder>
	<filename>thanks.e2e4cb8c-6779-11ef-8ed5-cddf5db96301.jpg</filename>
	<path>C:\Users\sahar\ISLtranslationapp\tensorflow\workspace\images\collectedimages\thanks\thanks.e2e4cb8c-6779-11ef-8ed5-cddf5db96301.jpg</path>
	<source>
		<database>Unknown</database>
	</source>
	<size>
		<width>640</width>
		<height>480</height>
		<depth>3</depth>
	</size>
	<segmented>0</segmented>
	<object>
		<name>Thanks</name>
		<pose>Unspecified</pose>
		<truncated>1</truncated>
		<difficult>0</difficult>
		<bndbox>
			<xmin>259</xmin>
			<ymin>394</ymin>
			<xmax>435</xmax>
			<ymax>480</ymax>
		</bndbox>
	</object>
</annotation>
