<annotation>
	<folder>thanks</folder>
	<filename>thanks.df47cc42-6779-11ef-807c-cddf5db96301.jpg</filename>
	<path>C:\Users\sahar\ISLtranslationapp\tensorflow\workspace\images\collectedimages\thanks\thanks.df47cc42-6779-11ef-807c-cddf5db96301.jpg</path>
	<source>
		<database>Unknown</database>
	</source>
	<size>
		<width>640</width>
		<height>480</height>
		<depth>3</depth>
	</size>
	<segmented>0</segmented>
	<object>
		<name>Thanks</name>
		<pose>Unspecified</pose>
		<truncated>0</truncated>
		<difficult>0</difficult>
		<bndbox>
			<xmin>235</xmin>
			<ymin>246</ymin>
			<xmax>459</xmax>
			<ymax>415</ymax>
		</bndbox>
	</object>
</annotation>
