<annotation>
	<folder>yes</folder>
	<filename>yes.f85049d8-6779-11ef-bcb6-cddf5db96301.jpg</filename>
	<path>C:\Users\sahar\ISLtranslationapp\tensorflow\workspace\images\collectedimages\yes\yes.f85049d8-6779-11ef-bcb6-cddf5db96301.jpg</path>
	<source>
		<database>Unknown</database>
	</source>
	<size>
		<width>640</width>
		<height>480</height>
		<depth>3</depth>
	</size>
	<segmented>0</segmented>
	<object>
		<name>Yes</name>
		<pose>Unspecified</pose>
		<truncated>0</truncated>
		<difficult>0</difficult>
		<bndbox>
			<xmin>233</xmin>
			<ymin>291</ymin>
			<xmax>415</xmax>
			<ymax>456</ymax>
		</bndbox>
	</object>
</annotation>
