<annotation>
	<folder>yes</folder>
	<filename>yes.f985b287-6779-11ef-a70f-cddf5db96301.jpg</filename>
	<path>C:\Users\sahar\ISLtranslationapp\tensorflow\workspace\images\collectedimages\yes\yes.f985b287-6779-11ef-a70f-cddf5db96301.jpg</path>
	<source>
		<database>Unknown</database>
	</source>
	<size>
		<width>640</width>
		<height>480</height>
		<depth>3</depth>
	</size>
	<segmented>0</segmented>
	<object>
		<name>Yes</name>
		<pose>Unspecified</pose>
		<truncated>1</truncated>
		<difficult>0</difficult>
		<bndbox>
			<xmin>203</xmin>
			<ymin>308</ymin>
			<xmax>398</xmax>
			<ymax>480</ymax>
		</bndbox>
	</object>
</annotation>
