<annotation>
	<folder>yes</folder>
	<filename>yes.fd21e717-6779-11ef-9aa3-cddf5db96301.jpg</filename>
	<path>C:\Users\sahar\ISLtranslationapp\tensorflow\workspace\images\collectedimages\yes\yes.fd21e717-6779-11ef-9aa3-cddf5db96301.jpg</path>
	<source>
		<database>Unknown</database>
	</source>
	<size>
		<width>640</width>
		<height>480</height>
		<depth>3</depth>
	</size>
	<segmented>0</segmented>
	<object>
		<name>Yes</name>
		<pose>Unspecified</pose>
		<truncated>0</truncated>
		<difficult>0</difficult>
		<bndbox>
			<xmin>302</xmin>
			<ymin>295</ymin>
			<xmax>540</xmax>
			<ymax>470</ymax>
		</bndbox>
	</object>
</annotation>
