<annotation>
	<folder>yes</folder>
	<filename>yes.ed7df238-6779-11ef-af9a-cddf5db96301.jpg</filename>
	<path>C:\Users\sahar\ISLtranslationapp\tensorflow\workspace\images\collectedimages\yes\yes.ed7df238-6779-11ef-af9a-cddf5db96301.jpg</path>
	<source>
		<database>Unknown</database>
	</source>
	<size>
		<width>640</width>
		<height>480</height>
		<depth>3</depth>
	</size>
	<segmented>0</segmented>
	<object>
		<name>Yes</name>
		<pose>Unspecified</pose>
		<truncated>0</truncated>
		<difficult>0</difficult>
		<bndbox>
			<xmin>133</xmin>
			<ymin>381</ymin>
			<xmax>235</xmax>
			<ymax>472</ymax>
		</bndbox>
	</object>
</annotation>
